"Age","FAN_PTS","Home","Opp","GS","FG","FGA","FGP","TP","TPA","TPP","FT","FTA","FTP","ORB","DRB","TRB","AST","STL","BLK","TOV","PF","PTS","MP"
34,29.4,1,"CLE",0,7,15,0.467,3,10,0.3,5,6,0.833,1,1,2,2,1,0,1,1,22,27.45
34,44.3,1,"MEM",1,8,15,0.533,4,8,0.5,2,2,1,0,4,4,7,3,0,2,0,22,32.0666666666667
34,15.1,0,"ORL",1,4,10,0.4,1,3,0.333,0,1,0,0,3,3,1,1,0,2,1,9,28.5166666666667
34,28.2,1,"IND",1,5,14,0.357,3,9,0.333,4,7,0.571,0,1,1,2,3,0,2,2,17,34.0833333333333
34,39.2,1,"PHI",1,11,19,0.579,5,9,0.556,6,8,0.75,0,1,1,2,1,0,1,1,33,33.3833333333333
34,20.6,0,"PHI",1,6,12,0.5,2,5,0.4,3,4,0.75,1,2,3,2,0,0,3,1,17,26.1333333333333
