"Age","FAN_PTS","Home","Opp","GS","FG","FGA","FGP","TP","TPA","TPP","FT","FTA","FTP","ORB","DRB","TRB","AST","STL","BLK","TOV","PF","PTS","MP"
23,33.7,0,"PHO",1,6,10,0.6,2,3,0.667,1,1,1,1,5,6,5,2,0,2,3,15,33.9833333333333
23,10.2,1,"SAS",1,3,10,0.3,1,5,0.2,0,0,0,0,1,1,0,1,0,1,4,7,27.1666666666667
23,25.5,1,"CLE",1,4,14,0.286,3,9,0.333,0,0,0,2,3,5,3,1,1,2,2,11,27.2833333333333
23,31.8,0,"UTA",1,5,18,0.278,3,11,0.273,0,0,0,1,8,9,2,2,0,1,3,13,38.6333333333333
23,18.1,1,"DAL",1,5,12,0.417,1,6,0.167,1,1,1,0,3,3,1,1,0,2,1,12,24.7666666666667
23,27.9,0,"MIN",1,3,14,0.214,0,6,0,1,2,0.5,3,9,12,3,1,0,1,2,7,34.5833333333333
23,29.1,0,"MEM",1,4,9,0.444,0,3,0,2,4,0.5,0,8,8,3,1,1,1,0,10,36.15
23,26.2,0,"MEM",1,6,12,0.5,0,3,0,0,1,0,2,9,11,0,1,0,2,1,12,35.2833333333333
23,6.8,1,"HOU",1,1,4,0.25,0,2,0,0,0,0,0,4,4,0,0,0,0,0,2,7.16666666666667
