"Age","FAN_PTS","Home","Opp","GS","FG","FGA","FGP","TP","TPA","TPP","FT","FTA","FTP","ORB","DRB","TRB","AST","STL","BLK","TOV","PF","PTS","MP"
20,0,0,"IND",0,0,1,0,0,0,0,0,0,0,0,0,0,0,0,0,0,0,0,3.38333333333333
20,1.5,1,"BOS",0,0,1,0,0,1,0,0,0,0,0,0,0,1,0,0,0,0,0,5.51666666666667
20,1.2,1,"DAL",0,0,0,0,0,0,0,0,0,0,0,1,1,0,0,0,0,1,0,1.78333333333333
21,7.8,0,"BRK",0,0,3,0,0,0,0,0,0,0,2,2,4,0,0,1,0,0,0,3.93333333333333
21,16.3,0,"PHI",0,3,5,0.6,2,3,0.667,2,2,1,0,4,4,1,0,0,0,2,10,16.9833333333333
21,6.5,1,"NOP",0,1,1,1,1,1,1,2,2,1,0,0,0,1,0,0,0,1,5,4.15
21,2.2,1,"IND",0,1,2,0.5,0,0,0,0,0,0,0,1,1,0,0,0,1,0,2,2.98333333333333
