"Age","FAN_PTS","Home","Opp","GS","FG","FGA","FGP","TP","TPA","TPP","FT","FTA","FTP","ORB","DRB","TRB","AST","STL","BLK","TOV","PF","PTS","MP"
23,29.9,1,"DET",1,7,24,0.292,2,7,0.286,0,0,0,0,2,2,3,3,0,2,1,16,34.5
23,44.2,0,"BOS",1,10,20,0.5,5,12,0.417,3,3,1,1,5,6,6,1,0,3,2,28,40.3
23,34,0,"MIN",1,8,23,0.348,4,10,0.4,2,2,1,0,5,5,4,0,0,0,1,22,39.65
23,49.1,0,"MIL",1,12,21,0.571,2,5,0.4,9,10,0.9,1,7,8,3,1,0,3,1,35,42.4666666666667
23,38.1,1,"BRK",1,12,23,0.522,6,10,0.6,0,1,0,0,3,3,5,0,0,3,2,30,35.7166666666667
23,52.5,1,"WAS",1,9,17,0.529,4,7,0.571,2,2,1,0,10,10,9,2,0,3,3,24,36.65
23,38.5,1,"LAL",1,8,20,0.4,2,10,0.2,4,4,1,1,4,5,5,3,0,6,1,22,34.45
23,13.2,0,"MEM",1,2,4,0.5,0,0,0,2,3,0.667,0,1,1,2,1,0,0,2,6,8.16666666666667
