"Age","FAN_PTS","Home","Opp","GS","FG","FGA","FGP","TP","TPA","TPP","FT","FTA","FTP","ORB","DRB","TRB","AST","STL","BLK","TOV","PF","PTS","MP"
24,32.4,0,"LAC",1,6,14,0.429,2,6,0.333,4,4,1,1,1,2,4,2,0,0,2,18,27.3666666666667
24,34.2,0,"GSW",1,10,27,0.37,6,13,0.462,2,2,1,1,0,1,4,0,0,1,3,28,37.3833333333333
24,45,1,"DAL",1,10,21,0.476,4,10,0.4,6,6,1,2,3,5,8,1,0,6,4,30,35.75
24,45.2,0,"LAC",1,10,23,0.435,5,11,0.455,13,13,1,0,1,1,4,0,1,3,1,38,37.8333333333333
24,20.2,1,"UTA",1,3,8,0.375,2,6,0.333,1,2,0.5,0,1,1,6,1,0,2,1,9,22.4
