"Age","FAN_PTS","Home","Opp","GS","FG","FGA","FGP","TP","TPA","TPP","FT","FTA","FTP","ORB","DRB","TRB","AST","STL","BLK","TOV","PF","PTS","MP"
24,3,1,"GSW",0,0,0,0,0,0,0,0,0,0,0,0,0,0,1,0,0,0,0,1.08333333333333
24,0,1,"CHO",0,0,0,0,0,0,0,0,0,0,0,0,0,0,0,0,0,0,0,0.883333333333333
24,5.7,0,"MEM",0,0,0,0,0,0,0,0,0,0,0,1,1,1,1,0,0,0,0,1.33333333333333
24,3.5,1,"DET",0,2,3,0.667,0,1,0,0,0,0,0,0,0,1,0,0,2,1,4,5.61666666666667
24,0,1,"PHO",0,0,1,0,0,0,0,0,0,0,0,0,0,0,0,0,0,0,0,2.76666666666667
24,5.9,0,"GSW",0,1,2,0.5,0,0,0,0,0,0,1,1,2,1,0,0,0,0,2,3
24,3.4,0,"MIN",0,0,2,0,0,2,0,1,2,0.5,1,1,2,0,0,0,0,0,1,3.73333333333333
24,1.2,1,"LAC",0,0,1,0,0,1,0,0,0,0,0,1,1,0,0,0,0,0,0,3.6
24,4.6,1,"GSW",0,1,2,0.5,0,0,0,0,0,0,1,2,3,0,0,0,1,0,2,9.66666666666667
