"Age","FAN_PTS","Home","Opp","GS","FG","FGA","FGP","TP","TPA","TPP","FT","FTA","FTP","ORB","DRB","TRB","AST","STL","BLK","TOV","PF","PTS","MP"
24,0,1,"PHO",0,0,0,0,0,0,0,0,0,0,0,0,0,0,0,0,0,0,0,1.63333333333333
24,14.5,1,"MIN",0,2,4,0.5,0,1,0,0,0,0,1,4,5,3,0,0,0,1,4,13.4833333333333
24,3.9,1,"UTA",0,0,6,0,0,3,0,0,0,0,1,1,2,1,0,0,0,0,0,18.3
24,27.3,0,"DAL",0,8,14,0.571,2,6,0.333,1,1,1,1,3,4,1,1,0,1,2,19,25.8333333333333
24,14.2,0,"PHO",1,3,12,0.25,0,4,0,2,2,1,0,1,1,2,1,0,1,5,8,34.3
24,23.4,0,"DET",0,6,8,0.75,0,2,0,0,0,0,0,2,2,4,1,0,0,0,12,25.9666666666667
24,10,1,"MIN",0,3,6,0.5,2,4,0.5,0,0,0,0,0,0,2,0,0,1,4,8,20.3833333333333
24,2,1,"DAL",0,0,2,0,0,1,0,0,0,0,0,0,0,2,0,0,1,0,0,7.88333333333333
24,0.5,0,"HOU",0,0,3,0,0,2,0,0,0,0,0,0,0,1,0,0,1,1,0,8.35
