"Age","FAN_PTS","Home","Opp","GS","FG","FGA","FGP","TP","TPA","TPP","FT","FTA","FTP","ORB","DRB","TRB","AST","STL","BLK","TOV","PF","PTS","MP"
25,10.7,1,"WAS",0,2,7,0.286,1,2,0.5,0,0,0,1,0,1,1,0,1,0,0,5,5.68333333333333
25,7.7,0,"BOS",0,2,8,0.25,0,4,0,1,1,1,0,1,1,3,0,0,3,2,5,21.4833333333333
25,8.8,1,"SAS",0,2,3,0.667,1,2,0.5,1,2,0.5,0,4,4,0,0,0,2,0,6,8.81666666666667
25,34.5,1,"ORL",0,8,11,0.727,2,5,0.4,1,1,1,2,3,5,1,3,0,1,3,19,23.1833333333333
25,8.3,1,"TOR",0,0,5,0,0,2,0,0,0,0,3,1,4,1,1,0,1,3,0,14
25,10.9,0,"MIL",0,2,2,1,1,1,1,0,0,0,1,1,2,1,1,0,1,0,5,5.9
25,6.2,0,"WAS",0,2,3,0.667,2,2,1,0,0,0,0,1,1,0,0,0,1,0,6,4.18333333333333
