"Age","FAN_PTS","Home","Opp","GS","FG","FGA","FGP","TP","TPA","TPP","FT","FTA","FTP","ORB","DRB","TRB","AST","STL","BLK","TOV","PF","PTS","MP"
26,5,1,"LAL",0,2,4,0.5,1,3,0.333,0,0,0,0,0,0,0,0,0,0,0,5,3.08333333333333
26,-1,0,"IND",0,0,1,0,0,1,0,0,2,0,0,0,0,0,0,0,1,1,0,5.08333333333333
26,0,1,"TOR",0,0,0,0,0,0,0,0,0,0,0,0,0,0,0,0,0,0,0,1.55
26,0,1,"WAS",0,0,0,0,0,0,0,0,0,0,0,0,0,0,0,0,0,1,0,4.11666666666667
26,2.7,0,"BRK",0,0,2,0,0,2,0,0,0,0,0,1,1,1,0,0,0,0,0,4.36666666666667
26,2.4,1,"DET",0,1,2,0.5,0,0,0,0,0,0,0,2,2,0,0,0,2,3,2,3.91666666666667
26,1.4,0,"BOS",0,0,1,0,0,0,0,0,0,0,0,2,2,0,0,0,1,1,0,3.43333333333333
