"Age","FAN_PTS","Home","Opp","GS","FG","FGA","FGP","TP","TPA","TPP","FT","FTA","FTP","ORB","DRB","TRB","AST","STL","BLK","TOV","PF","PTS","MP"
24,26.1,0,"CHI",0,7,8,0.875,4,5,0.8,0,0,0,0,3,3,1,1,0,0,2,18,24.0333333333333
24,16.3,1,"ATL",0,5,8,0.625,2,4,0.5,0,0,0,1,3,4,1,0,0,2,3,12,28.6333333333333
24,33.5,0,"CLE",1,5,10,0.5,1,4,0.25,0,0,0,3,7,10,1,2,1,0,3,11,30.55
24,11.8,0,"TOR",1,2,11,0.182,1,5,0.2,1,2,0.5,1,3,4,0,1,0,2,3,6,26.4833333333333
24,3,1,"LAL",0,1,1,1,1,1,1,0,0,0,0,0,0,0,0,0,0,0,3,5.91666666666667
24,1,0,"NYK",0,1,3,0.333,0,2,0,1,1,1,0,0,0,0,0,0,2,1,3,8.51666666666667
