"Age","FAN_PTS","Home","Opp","GS","FG","FGA","FGP","TP","TPA","TPP","FT","FTA","FTP","ORB","DRB","TRB","AST","STL","BLK","TOV","PF","PTS","MP"
22,1.5,0,"CHI",0,0,0,0,0,0,0,0,0,0,0,0,0,1,0,0,0,0,0,1.9
22,17.3,1,"DEN",0,5,7,0.714,1,2,0.5,1,1,1,1,3,4,1,0,0,1,0,12,8.23333333333333
22,0,1,"DET",0,0,0,0,0,0,0,0,0,0,0,0,0,0,0,0,0,0,0,1.81666666666667
22,12.4,1,"SAS",0,2,4,0.5,1,3,0.333,0,0,0,0,2,2,2,1,0,1,0,5,8.51666666666667
22,13,0,"POR",0,3,7,0.429,1,3,0.333,0,0,0,2,3,5,2,0,0,3,1,7,23.75
22,4.2,1,"LAL",0,0,0,0,0,0,0,0,0,0,0,1,1,2,0,0,0,0,0,3.01666666666667
