"Age","FAN_PTS","Home","Opp","GS","FG","FGA","FGP","TP","TPA","TPP","FT","FTA","FTP","ORB","DRB","TRB","AST","STL","BLK","TOV","PF","PTS","MP"
31,28.8,1,"LAC",1,8,20,0.4,2,11,0.182,5,5,1,1,3,4,4,1,0,8,3,23,29.8
31,38.1,0,"OKC",1,7,18,0.389,2,9,0.222,7,7,1,2,6,8,5,0,0,2,0,23,30.1333333333333
31,54.1,0,"NOP",1,9,17,0.529,4,10,0.4,4,4,1,1,2,3,11,3,0,1,5,26,31
31,29,1,"PHO",1,3,11,0.273,1,7,0.143,2,2,1,0,5,5,6,1,2,4,2,9,21.15
31,0,1,"HOU",0,0,0,0,0,0,0,0,0,0,0,0,0,0,0,0,0,0,0,0
31,39.7,1,"TOR",1,6,16,0.375,3,12,0.25,8,8,1,0,6,6,7,0,0,1,1,23,27.2333333333333
31,0,1,"LAC",0,0,0,0,0,0,0,0,0,0,0,0,0,0,0,0,0,0,0,0
