"Age","FAN_PTS","Home","Opp","GS","FG","FGA","FGP","TP","TPA","TPP","FT","FTA","FTP","ORB","DRB","TRB","AST","STL","BLK","TOV","PF","PTS","MP"
23,0,1,"ORL",0,0,1,0,0,1,0,0,0,0,0,0,0,0,0,0,0,0,0,1.2
23,14.7,0,"LAC",0,3,11,0.273,3,9,0.333,0,0,0,0,1,1,1,1,0,0,1,9,17.3833333333333
23,8.4,0,"SAC",0,1,7,0.143,1,6,0.167,0,0,0,0,2,2,2,0,0,0,1,3,20.5166666666667
23,0,0,"GSW",0,0,0,0,0,0,0,0,0,0,0,0,0,0,0,0,0,0,0,1.61666666666667
23,0,1,"MIL",0,0,0,0,0,0,0,0,0,0,0,0,0,0,0,0,0,0,0,0.35
23,0,0,"WAS",0,0,0,0,0,0,0,0,0,0,0,0,0,0,0,0,0,0,0,0.433333333333333
24,8.2,1,"PHO",0,2,8,0.25,0,4,0,0,0,0,0,1,1,2,0,0,0,3,4,19.55
24,7.2,1,"IND",0,1,3,0.333,1,2,0.5,0,0,0,0,1,1,0,1,0,0,0,3,3.61666666666667
24,12.5,0,"OKC",0,1,7,0.143,1,5,0.2,0,0,0,0,0,0,1,3,0,1,1,3,18.1
