"Age","FAN_PTS","Home","Opp","GS","FG","FGA","FGP","TP","TPA","TPP","FT","FTA","FTP","ORB","DRB","TRB","AST","STL","BLK","TOV","PF","PTS","MP"
24,23.1,1,"HOU",1,4,10,0.4,0,2,0,0,0,0,4,4,8,1,2,0,2,3,8,26.9166666666667
24,18.3,0,"POR",1,2,7,0.286,1,3,0.333,3,4,0.75,2,7,9,1,0,0,2,1,8,26.0833333333333
24,24.1,0,"LAL",1,4,8,0.5,1,3,0.333,1,2,0.5,2,6,8,1,0,1,0,4,10,35.2166666666667
24,22.1,0,"LAC",1,2,8,0.25,0,2,0,3,6,0.5,1,7,8,3,1,0,2,2,7,29.7
24,30,0,"UTA",1,5,12,0.417,3,6,0.5,1,2,0.5,2,8,10,2,0,1,2,4,14,29.05
