"Age","FAN_PTS","Home","Opp","GS","FG","FGA","FGP","TP","TPA","TPP","FT","FTA","FTP","ORB","DRB","TRB","AST","STL","BLK","TOV","PF","PTS","MP"
19,0,1,"ATL",0,0,0,0,0,0,0,0,0,0,0,0,0,0,0,0,0,0,0,0.716666666666667
19,8.2,1,"WAS",0,2,2,1,1,1,1,0,0,0,0,1,1,0,1,0,1,0,5,4.11666666666667
19,6,0,"NYK",0,1,6,0.167,1,4,0.25,0,0,0,0,0,0,2,0,0,0,0,3,7.73333333333333
19,4.2,1,"MIA",0,1,2,0.5,1,1,1,0,0,0,0,1,1,0,0,0,0,1,3,15.4333333333333
19,6.4,1,"MIL",0,1,6,0.167,0,1,0,0,0,0,1,1,2,0,0,1,1,1,2,9.06666666666667
19,2,1,"WAS",0,1,1,1,0,0,0,0,0,0,0,0,0,0,0,0,0,1,2,1.36666666666667
19,8,0,"NYK",0,3,4,0.75,2,2,1,0,0,0,0,0,0,0,0,0,0,0,8,4.85
19,13.2,0,"BRK",0,3,4,0.75,3,3,1,0,0,0,1,0,1,0,0,1,0,2,9,13.8666666666667
