"Age","FAN_PTS","Home","Opp","GS","FG","FGA","FGP","TP","TPA","TPP","FT","FTA","FTP","ORB","DRB","TRB","AST","STL","BLK","TOV","PF","PTS","MP"
25,26.4,1,"SAC",1,5,8,0.625,3,6,0.5,1,1,1,1,1,2,6,1,0,2,1,14,30.0833333333333
25,28.1,0,"MIN",1,6,9,0.667,1,2,0.5,0,0,0,0,3,3,9,0,0,2,4,13,30.1666666666667
25,47.1,0,"MEM",1,9,16,0.563,4,6,0.667,2,2,1,1,7,8,7,1,0,0,3,24,35.7
25,26.9,0,"SAS",1,4,7,0.571,1,3,0.333,2,2,1,0,2,2,7,1,1,3,0,11,22.5
25,21.5,0,"LAC",1,3,11,0.273,1,2,0.5,2,3,0.667,0,0,0,9,0,0,1,1,9,29.6
25,50.8,1,"GSW",1,7,17,0.412,2,7,0.286,5,5,1,0,4,4,12,3,0,2,2,21,40.7166666666667
