"Age","FAN_PTS","Home","Opp","GS","FG","FGA","FGP","TP","TPA","TPP","FT","FTA","FTP","ORB","DRB","TRB","AST","STL","BLK","TOV","PF","PTS","MP"
29,2.5,0,"CLE",0,1,1,1,1,1,1,0,0,0,0,0,0,1,0,0,2,0,3,6
29,4.5,1,"DEN",0,1,3,0.333,0,2,0,0,0,0,0,0,0,3,0,0,2,1,2,14.1666666666667
29,10.7,1,"GSW",0,2,5,0.4,1,2,0.5,0,0,0,0,1,1,3,0,0,0,1,5,12.0833333333333
29,16.2,1,"SAS",0,2,4,0.5,2,3,0.667,2,4,0.5,0,1,1,4,1,0,2,1,8,19.15
29,17.9,0,"GSW",0,1,5,0.2,1,3,0.333,2,2,1,0,2,2,7,0,0,0,3,5,21.35
29,3.5,0,"GSW",0,1,1,1,0,0,0,0,0,0,0,0,0,1,0,0,0,0,2,7.88333333333333
29,-0.5,0,"POR",0,0,1,0,0,0,0,0,0,0,0,0,0,1,0,0,2,0,0,6.31666666666667
29,3,1,"CHI",0,1,4,0.25,0,3,0,0,0,0,0,0,0,2,0,0,2,0,2,11.2833333333333
