"Age","FAN_PTS","Home","Opp","GS","FG","FGA","FGP","TP","TPA","TPP","FT","FTA","FTP","ORB","DRB","TRB","AST","STL","BLK","TOV","PF","PTS","MP"
27,31.8,0,"MIL",0,9,11,0.818,5,6,0.833,4,4,1,1,3,4,0,1,0,3,4,27,32.4666666666667
27,36,0,"TOR",0,7,17,0.412,0,6,0,4,5,0.8,2,3,5,2,3,0,0,3,18,29.3666666666667
27,23.6,1,"POR",0,3,10,0.3,0,4,0,6,6,1,1,2,3,0,2,1,1,1,12,25.75
27,32,1,"TOR",1,8,13,0.615,5,6,0.833,2,3,0.667,3,2,5,0,1,0,0,3,23,29.8833333333333
27,31.6,1,"PHO",1,10,18,0.556,3,7,0.429,2,3,0.667,0,3,3,0,0,1,0,3,25,35.2
27,13.5,1,"WAS",1,1,5,0.2,0,2,0,1,2,0.5,1,4,5,1,1,1,3,2,3,26.5833333333333
27,28.1,1,"BOS",1,6,11,0.545,1,3,0.333,1,2,0.5,1,7,8,1,1,0,0,0,14,26.55
27,25.1,0,"DET",1,3,9,0.333,0,3,0,2,3,0.667,2,6,8,1,2,0,0,3,8,26.3833333333333
