"Age","FAN_PTS","Home","Opp","GS","FG","FGA","FGP","TP","TPA","TPP","FT","FTA","FTP","ORB","DRB","TRB","AST","STL","BLK","TOV","PF","PTS","MP"
31,33.2,0,"IND",0,3,8,0.375,1,1,1,1,1,1,1,5,6,6,3,0,0,1,8,25.3166666666667
31,22.9,1,"MEM",0,0,3,0,0,1,0,2,2,1,0,2,2,7,2,1,1,0,2,20.45
31,6.4,1,"BOS",0,0,2,0,0,0,0,1,2,0.5,0,2,2,2,0,0,0,0,1,11.5
31,26.1,0,"ATL",0,1,3,0.333,1,3,0.333,0,0,0,0,3,3,9,2,0,0,1,3,21.6
31,6.4,0,"MIA",0,0,3,0,0,0,0,0,0,0,0,2,2,2,1,0,2,0,0,17.2333333333333
31,4,0,"PHI",0,2,3,0.667,0,1,0,0,0,0,0,0,0,0,0,0,0,0,4,4.91666666666667
31,37.1,0,"CHO",0,4,5,0.8,2,3,0.667,8,8,1,2,1,3,3,4,0,1,1,18,26.0166666666667
31,18.4,1,"CHO",0,1,3,0.333,0,2,0,2,3,0.667,0,2,2,6,1,0,0,3,4,14.25
