"Age","FAN_PTS","Home","Opp","GS","FG","FGA","FGP","TP","TPA","TPP","FT","FTA","FTP","ORB","DRB","TRB","AST","STL","BLK","TOV","PF","PTS","MP"
24,0,1,"UTA",0,0,0,0,0,0,0,0,0,0,0,0,0,0,0,0,0,0,0,0
24,6.3,1,"HOU",0,0,2,0,0,2,0,0,0,0,1,3,4,1,0,0,0,1,0,13.6833333333333
24,13.2,1,"PHO",0,0,2,0,0,2,0,1,2,0.5,4,2,6,2,1,0,1,2,1,14.9333333333333
24,12.5,1,"NOP",0,1,2,0.5,0,0,0,0,0,0,0,5,5,1,0,1,0,0,2,14.4166666666667
24,0,0,"DAL",0,0,0,0,0,0,0,0,0,0,0,0,0,0,0,0,0,0,0,0
24,11.6,0,"SAS",0,1,1,1,0,0,0,0,0,0,0,3,3,0,1,1,0,1,2,16.8166666666667
24,7.5,0,"SAS",0,0,3,0,0,1,0,0,0,0,0,5,5,1,0,0,0,4,0,12.8833333333333
