"Age","FAN_PTS","Home","Opp","GS","FG","FGA","FGP","TP","TPA","TPP","FT","FTA","FTP","ORB","DRB","TRB","AST","STL","BLK","TOV","PF","PTS","MP"
23,0,1,"DAL",0,0,0,0,0,0,0,0,0,0,0,0,0,0,0,0,0,0,0,0.633333333333333
23,29.9,0,"UTA",0,2,5,0.4,1,4,0.25,7,8,0.875,0,2,2,3,1,3,1,3,12,16.1
23,2.9,0,"POR",0,0,2,0,0,2,0,0,0,0,0,2,2,1,0,0,1,1,0,9.98333333333333
23,1.2,0,"LAL",0,0,1,0,0,1,0,0,0,0,0,1,1,0,0,0,0,0,0,5.01666666666667
23,12,1,"BOS",0,2,4,0.5,2,3,0.667,0,0,0,0,0,0,0,0,2,0,2,6,16.5
23,1.2,0,"HOU",0,0,1,0,0,1,0,0,0,0,0,1,1,0,0,0,0,0,0,4.25
23,10.5,1,"PHO",0,1,2,0.5,1,2,0.5,0,0,0,0,5,5,1,0,0,0,4,3,13.7166666666667
23,8.1,1,"MIN",0,0,2,0,0,2,0,0,0,0,1,2,3,1,1,0,0,1,0,9.85
23,16.6,1,"UTA",0,1,3,0.333,1,3,0.333,0,0,0,2,6,8,2,1,0,2,3,3,19.5166666666667
