"Age","FAN_PTS","Home","Opp","GS","FG","FGA","FGP","TP","TPA","TPP","FT","FTA","FTP","ORB","DRB","TRB","AST","STL","BLK","TOV","PF","PTS","MP"
25,13.6,0,"DET",0,2,3,0.667,0,1,0,0,0,0,0,3,3,4,0,0,0,1,4,13.15
25,24.8,1,"PHI",0,3,5,0.6,0,1,0,0,0,0,1,3,4,6,2,0,1,5,6,23.0833333333333
25,9.2,1,"NYK",0,0,5,0,0,3,0,0,0,0,0,1,1,2,1,1,1,0,0,16.2166666666667
25,12.8,0,"IND",1,2,5,0.4,2,3,0.667,1,2,0.5,0,4,4,0,0,1,2,0,7,28.2666666666667
25,14.5,0,"ATL",1,3,8,0.375,0,3,0,0,0,0,1,4,5,1,1,0,2,3,6,34.6166666666667
25,-1,0,"ORL",1,0,0,0,0,0,0,0,0,0,0,0,0,0,0,0,1,0,0,0.816666666666667
