"Age","FAN_PTS","Home","Opp","GS","FG","FGA","FGP","TP","TPA","TPP","FT","FTA","FTP","ORB","DRB","TRB","AST","STL","BLK","TOV","PF","PTS","MP"
27,7.4,1,"NOP",0,0,5,0,0,5,0,3,3,1,1,1,2,2,0,0,1,0,3,14.6666666666667
27,14.7,0,"UTA",0,1,9,0.111,1,8,0.125,0,0,0,0,1,1,3,2,0,0,0,3,20.8666666666667
27,19.1,0,"POR",0,2,7,0.286,1,4,0.25,0,0,0,1,7,8,3,0,0,0,1,5,26.6666666666667
27,26,0,"POR",0,5,9,0.556,4,6,0.667,1,1,1,0,5,5,2,1,0,1,0,15,31.5166666666667
27,19.9,1,"MIA",0,4,7,0.571,3,6,0.5,2,2,1,0,2,2,3,1,0,3,1,13,27.4166666666667
27,19.7,1,"UTA",0,5,11,0.455,4,9,0.444,0,0,0,0,1,1,1,0,1,0,1,14,21.0666666666667
27,20.2,0,"LAC",0,4,5,0.8,4,5,0.8,1,1,1,0,1,1,2,1,0,0,1,13,24.2833333333333
27,3.6,0,"LAL",0,0,5,0,0,3,0,0,0,0,1,2,3,0,0,0,0,0,0,5.75
