"Age","FAN_PTS","Home","Opp","GS","FG","FGA","FGP","TP","TPA","TPP","FT","FTA","FTP","ORB","DRB","TRB","AST","STL","BLK","TOV","PF","PTS","MP"
26,7.5,0,"WAS",0,1,2,0.5,1,2,0.5,0,0,0,0,0,0,1,1,0,0,0,3,4.83333333333333
26,8.6,1,"IND",0,2,6,0.333,1,4,0.25,0,0,0,0,3,3,0,0,0,0,0,5,11.05
26,0,0,"MIN",0,0,0,0,0,0,0,0,0,0,0,0,0,0,0,0,0,0,0,3.85
26,-0.8,1,"BRK",0,0,1,0,0,1,0,0,0,0,0,1,1,0,0,0,2,1,0,8.58333333333333
26,-1,1,"TOR",0,0,2,0,0,2,0,0,0,0,0,0,0,0,0,0,1,0,0,4.78333333333333
26,8.2,0,"PHI",0,2,4,0.5,1,3,0.333,0,0,0,1,0,1,0,1,0,1,3,5,15.3333333333333
26,6,0,"CHO",0,1,2,0.5,1,2,0.5,0,0,0,0,0,0,0,1,0,0,0,3,9.06666666666667
26,0,1,"CHI",0,0,0,0,0,0,0,0,0,0,0,0,0,0,0,0,0,0,0,1.86666666666667
