"Age","FAN_PTS","Home","Opp","GS","FG","FGA","FGP","TP","TPA","TPP","FT","FTA","FTP","ORB","DRB","TRB","AST","STL","BLK","TOV","PF","PTS","MP"
25,23.6,0,"WAS",0,4,7,0.571,1,2,0.5,0,0,0,0,3,3,2,2,1,1,0,9,18.95
25,21.3,1,"DAL",0,4,10,0.4,2,5,0.4,0,0,0,0,4,4,1,1,1,1,2,10,19.7
25,23.1,0,"LAC",0,5,9,0.556,2,3,0.667,0,0,0,1,2,3,3,1,0,0,3,12,20.1666666666667
25,24.1,1,"IND",0,6,9,0.667,3,5,0.6,0,0,0,0,3,3,3,1,0,2,3,15,21.6666666666667
26,15.5,0,"MIA",0,2,7,0.286,1,3,0.333,0,0,0,1,4,5,5,0,0,3,3,5,21.2166666666667
26,36.7,1,"OKC",0,4,12,0.333,2,4,0.5,4,4,1,0,6,6,5,3,0,1,2,14,32.8166666666667
26,11.9,0,"PHI",0,3,6,0.5,1,2,0.5,0,0,0,1,1,2,3,0,0,2,5,7,19.4166666666667
26,23,1,"DAL",0,5,8,0.625,3,5,0.6,2,3,0.667,1,4,5,2,0,0,1,2,15,29.2
