"Age","FAN_PTS","Home","Opp","GS","FG","FGA","FGP","TP","TPA","TPP","FT","FTA","FTP","ORB","DRB","TRB","AST","STL","BLK","TOV","PF","PTS","MP"
25,10.2,0,"SAC",1,2,5,0.4,0,0,0,0,0,0,1,0,1,0,0,2,1,4,4,10.1
25,14.1,1,"POR",1,3,6,0.5,0,0,0,0,0,0,2,1,3,1,0,1,0,1,6,12.7833333333333
25,18.4,1,"SAS",1,4,10,0.4,0,0,0,1,1,1,4,3,7,0,0,2,5,5,9,20.5166666666667
25,26.6,1,"ATL",1,7,13,0.538,0,0,0,0,0,0,1,2,3,0,1,2,0,3,14,23.6666666666667
25,5.1,0,"PHO",1,1,4,0.25,0,0,0,0,0,0,2,1,3,1,0,0,2,3,2,12.4166666666667
