"Age","FAN_PTS","Home","Opp","GS","FG","FGA","FGP","TP","TPA","TPP","FT","FTA","FTP","ORB","DRB","TRB","AST","STL","BLK","TOV","PF","PTS","MP"
21,9.2,1,"POR",0,1,3,0.333,0,0,0,0,0,0,1,0,1,0,2,0,0,0,2,4.03333333333333
21,3.2,1,"SAS",0,0,0,0,0,0,0,0,0,0,1,0,1,2,0,0,1,0,0,4.83333333333333
21,5.2,1,"ORL",0,1,2,0.5,0,0,0,0,0,0,1,0,1,2,0,0,1,0,2,2.91666666666667
21,4,0,"NYK",0,1,1,1,0,0,0,2,2,1,0,0,0,0,0,0,0,0,4,6.13333333333333
21,21.8,0,"DAL",0,4,6,0.667,0,0,0,3,4,0.75,6,3,9,0,0,0,0,3,11,15.8333333333333
21,5.6,1,"MEM",0,1,2,0.5,0,0,0,0,0,0,1,2,3,0,0,0,0,1,2,11.4833333333333
21,8.4,0,"SAS",0,1,2,0.5,0,0,0,1,2,0.5,2,0,2,0,1,0,0,0,3,4.25
21,6.4,1,"DAL",0,0,2,0,0,0,0,1,2,0.5,2,0,2,0,1,0,0,0,1,4.75
21,2,0,"GSW",0,0,0,0,0,0,0,2,2,1,0,0,0,0,0,0,0,0,2,0.55
