"Age","FAN_PTS","Home","Opp","GS","FG","FGA","FGP","TP","TPA","TPP","FT","FTA","FTP","ORB","DRB","TRB","AST","STL","BLK","TOV","PF","PTS","MP"
21,2.4,0,"CHI",0,0,1,0,0,1,0,0,0,0,0,2,2,0,0,0,0,0,0,1.9
21,3.2,1,"DEN",0,0,1,0,0,1,0,1,2,0.5,0,1,1,0,0,1,2,1,1,14.2833333333333
21,-1,1,"DET",0,0,2,0,0,2,0,0,0,0,0,0,0,0,0,0,1,2,0,1.81666666666667
21,2.7,1,"SAS",0,0,1,0,0,1,0,0,0,0,0,1,1,1,0,0,0,0,0,4.66666666666667
21,14.6,0,"POR",0,2,3,0.667,1,1,1,0,0,0,2,1,3,4,0,0,0,1,5,8.71666666666667
21,0,1,"LAL",0,0,1,0,0,0,0,0,0,0,0,0,0,0,0,0,0,1,0,3.01666666666667
