"Age","FAN_PTS","Home","Opp","GS","FG","FGA","FGP","TP","TPA","TPP","FT","FTA","FTP","ORB","DRB","TRB","AST","STL","BLK","TOV","PF","PTS","MP"
32,0,0,"MIA",0,0,2,0,0,2,0,0,0,0,0,0,0,0,0,0,0,2,0,11.7666666666667
32,6.5,0,"CHO",0,1,3,0.333,0,1,0,0,0,0,0,0,0,1,1,0,0,2,2,11.3166666666667
32,4.7,1,"CHI",0,1,2,0.5,1,2,0.5,0,0,0,0,1,1,1,0,0,1,0,3,10.5166666666667
32,0.5,0,"OKC",0,0,1,0,0,0,0,0,0,0,0,0,0,1,0,0,1,2,0,10.3666666666667
32,14.9,1,"POR",0,4,7,0.571,3,6,0.5,0,0,0,1,1,2,1,0,0,0,1,11,16.9333333333333
32,15.1,0,"NOP",0,3,8,0.375,2,6,0.333,0,0,0,1,2,3,1,1,0,1,4,8,23.9333333333333
32,2.7,1,"PHO",0,0,2,0,0,2,0,0,0,0,0,1,1,1,0,0,0,1,0,13.0833333333333
32,0,0,"MIL",0,0,0,0,0,0,0,0,0,0,0,0,0,0,0,0,0,0,0,0
32,0,0,"CHI",0,0,0,0,0,0,0,0,0,0,0,0,0,0,0,0,0,0,0,0
