"Age","FAN_PTS","Home","Opp","GS","FG","FGA","FGP","TP","TPA","TPP","FT","FTA","FTP","ORB","DRB","TRB","AST","STL","BLK","TOV","PF","PTS","MP"
25,9,0,"POR",0,2,6,0.333,2,6,0.333,0,0,0,0,0,0,2,0,0,0,1,6,12
25,2.5,1,"MIA",0,1,6,0.167,1,6,0.167,0,0,0,0,0,0,1,0,0,2,0,3,16.25
25,6.4,0,"WAS",0,1,2,0.5,1,2,0.5,1,3,0.333,0,2,2,0,0,0,0,1,4,9.98333333333333
25,6.9,1,"PHO",0,1,3,0.333,1,3,0.333,0,0,0,0,2,2,1,0,0,0,1,3,8.28333333333333
25,11.4,1,"HOU",0,3,6,0.5,2,5,0.4,1,1,1,1,1,2,0,0,0,0,0,9,9.15
25,1.2,1,"LAC",0,0,1,0,0,1,0,0,0,0,0,1,1,0,0,0,0,0,0,2.16666666666667
