"Age","FAN_PTS","Home","Opp","GS","FG","FGA","FGP","TP","TPA","TPP","FT","FTA","FTP","ORB","DRB","TRB","AST","STL","BLK","TOV","PF","PTS","MP"
27,6.9,1,"IND",0,0,2,0,0,1,0,0,0,0,1,1,2,1,1,0,0,0,0,5.88333333333333
27,12.2,1,"NYK",0,2,4,0.5,2,4,0.5,0,0,0,0,1,1,2,1,0,1,0,6,13.95
27,0,1,"GSW",0,0,0,0,0,0,0,0,0,0,0,0,0,0,0,0,0,0,0,1.15
27,0,0,"SAC",0,0,1,0,0,1,0,0,0,0,0,0,0,0,0,0,0,0,0,2.96666666666667
27,0,0,"POR",0,0,0,0,0,0,0,0,0,0,0,0,0,0,0,0,0,0,0,1.5
27,0,1,"DET",0,0,0,0,0,0,0,0,0,0,0,0,0,0,0,0,0,0,0,0.633333333333333
27,12.9,1,"DEN",0,3,10,0.3,3,9,0.333,0,0,0,1,1,2,1,0,0,0,2,9,23.7833333333333
27,0,0,"PHI",0,0,1,0,0,1,0,0,0,0,0,0,0,0,0,0,0,0,0,5.75
27,10.7,1,"MIA",0,3,6,0.5,3,5,0.6,0,0,0,0,1,1,1,0,0,1,3,9,16.9
