"Age","FAN_PTS","Home","Opp","GS","FG","FGA","FGP","TP","TPA","TPP","FT","FTA","FTP","ORB","DRB","TRB","AST","STL","BLK","TOV","PF","PTS","MP"
20,9.3,1,"MIA",0,2,4,0.5,0,1,0,1,1,1,2,2,4,1,0,0,2,0,5,11.8333333333333
20,2,0,"OKC",0,1,2,0.5,1,1,1,0,0,0,0,0,0,0,0,0,1,1,3,3.68333333333333
20,20.5,1,"POR",0,4,7,0.571,1,2,0.5,0,0,0,1,4,5,1,1,1,2,4,9,24.7166666666667
20,0,1,"UTA",0,0,0,0,0,0,0,0,0,0,0,0,0,0,0,0,0,0,0,0
20,19,0,"LAL",0,2,5,0.4,1,2,0.5,3,4,0.75,0,5,5,2,0,1,1,3,8,21.4833333333333
20,12.2,1,"LAC",0,3,4,0.75,1,2,0.5,0,0,0,1,0,1,0,1,1,2,1,7,9.76666666666667
20,22.8,0,"TOR",0,2,6,0.333,0,1,0,4,5,0.8,1,3,4,2,0,3,2,2,8,15.45
