"Age","FAN_PTS","Home","Opp","GS","FG","FGA","FGP","TP","TPA","TPP","FT","FTA","FTP","ORB","DRB","TRB","AST","STL","BLK","TOV","PF","PTS","MP"
24,5.6,1,"UTA",0,1,4,0.25,0,2,0,0,0,0,2,1,3,0,0,0,0,2,2,10.9
24,10.4,0,"PHO",0,2,3,0.667,0,1,0,1,1,1,0,2,2,0,0,1,0,0,5,10.8166666666667
24,6.2,0,"TOR",0,0,0,0,0,0,0,0,0,0,1,0,1,0,0,2,1,3,0,10.25
24,18.2,0,"LAC",0,1,4,0.25,0,1,0,2,2,1,4,2,6,2,0,2,2,3,4,19.25
24,6.9,0,"LAC",0,1,1,1,1,1,1,0,0,0,1,1,2,1,0,0,0,2,3,8.16666666666667
24,0,1,"DET",0,0,1,0,0,1,0,0,0,0,0,0,0,0,0,0,0,1,0,7.73333333333333
24,2.4,0,"GSW",0,0,2,0,0,0,0,0,0,0,2,0,2,0,0,0,0,0,0,2.73333333333333
24,0,0,"UTA",0,0,0,0,0,0,0,0,0,0,0,0,0,0,0,0,0,0,0,1.6
24,43.5,1,"MEM",1,10,15,0.667,0,2,0,2,4,0.5,2,13,15,1,1,0,1,6,22,42.2
