"Age","FAN_PTS","Home","Opp","GS","FG","FGA","FGP","TP","TPA","TPP","FT","FTA","FTP","ORB","DRB","TRB","AST","STL","BLK","TOV","PF","PTS","MP"
26,0,0,"CHI",0,0,1,0,0,1,0,0,0,0,0,0,0,0,0,0,0,0,0,2.7
26,0,0,"CLE",0,0,0,0,0,0,0,0,0,0,0,0,0,0,0,0,0,0,0,0.85
26,0,1,"NOP",0,0,0,0,0,0,0,0,0,0,0,0,0,0,0,0,0,0,0,0.933333333333333
26,3,0,"SAC",0,0,2,0,0,2,0,0,0,0,0,0,0,2,0,0,0,1,0,19.2166666666667
26,6,1,"SAS",0,2,3,0.667,2,3,0.667,0,0,0,0,0,0,0,0,0,0,0,6,5.2
26,17.1,0,"POR",0,4,7,0.571,4,7,0.571,0,0,0,0,3,3,1,0,0,0,0,12,15.8833333333333
26,6.9,1,"CHI",0,0,0,0,0,0,0,0,0,0,1,1,2,1,0,1,0,0,0,4.58333333333333
26,7.7,1,"LAL",0,2,5,0.4,1,4,0.25,0,0,0,0,1,1,1,0,0,0,3,5,12.1666666666667
