"Age","FAN_PTS","Home","Opp","GS","FG","FGA","FGP","TP","TPA","TPP","FT","FTA","FTP","ORB","DRB","TRB","AST","STL","BLK","TOV","PF","PTS","MP"
24,0,0,"ORL",0,0,2,0,0,2,0,0,0,0,0,0,0,0,0,0,0,1,0,4.06666666666667
24,6.5,0,"HOU",0,1,3,0.333,0,2,0,1,2,0.5,0,0,0,1,0,1,1,1,3,10.4833333333333
24,0,1,"SAC",0,0,0,0,0,0,0,0,0,0,0,0,0,0,0,0,0,0,0,1.43333333333333
24,4.5,0,"PHI",0,1,3,0.333,1,3,0.333,0,0,0,0,0,0,1,0,0,0,1,3,8.3
24,6,0,"DET",0,1,3,0.333,1,2,0.5,0,0,0,0,0,0,0,1,0,0,1,3,4.88333333333333
24,0,0,"OKC",0,0,1,0,0,1,0,0,0,0,0,0,0,0,0,0,0,0,0,4.01666666666667
