"Age","FAN_PTS","Home","Opp","GS","FG","FGA","FGP","TP","TPA","TPP","FT","FTA","FTP","ORB","DRB","TRB","AST","STL","BLK","TOV","PF","PTS","MP"
23,2.7,0,"GSW",0,0,1,0,0,1,0,0,0,0,0,1,1,1,0,0,0,0,0,1.86666666666667
23,3,1,"ATL",0,1,1,1,1,1,1,0,0,0,0,0,0,0,0,0,0,0,3,1.28333333333333
23,16.5,0,"DEN",0,2,6,0.333,2,5,0.4,0,0,0,0,5,5,3,0,0,0,2,6,25.6666666666667
23,0,1,"DAL",0,0,0,0,0,0,0,0,0,0,0,0,0,0,0,0,0,1,0,3.11666666666667
23,1.2,1,"LAC",0,0,1,0,0,1,0,0,0,0,1,0,1,0,0,0,0,0,0,5.11666666666667
23,0,1,"MIL",0,0,0,0,0,0,0,0,0,0,0,0,0,0,0,0,0,0,0,3.41666666666667
23,0,1,"UTA",0,0,0,0,0,0,0,0,0,0,0,0,0,0,0,0,0,0,0,0.65
