"Age","FAN_PTS","Home","Opp","GS","FG","FGA","FGP","TP","TPA","TPP","FT","FTA","FTP","ORB","DRB","TRB","AST","STL","BLK","TOV","PF","PTS","MP"
23,29.8,0,"SAS",0,2,8,0.25,1,4,0.25,4,4,1,0,9,9,4,1,1,2,4,9,24.8833333333333
23,10.4,0,"BOS",0,2,4,0.5,0,2,0,0,0,0,0,2,2,0,1,1,2,3,4,12.35
23,6.9,0,"BRK",0,1,3,0.333,1,3,0.333,1,2,0.5,0,2,2,1,0,0,1,1,4,10.45
23,22.8,1,"LAL",1,5,6,0.833,2,3,0.667,0,0,0,0,4,4,2,1,0,0,1,12,22.2833333333333
23,17.6,1,"OKC",1,3,8,0.375,1,5,0.2,1,2,0.5,0,3,3,4,0,0,0,4,8,30.5666666666667
23,37.1,1,"DEN",1,9,14,0.643,3,6,0.5,2,4,0.5,0,8,8,1,2,0,3,2,23,30.55
23,16.9,0,"LAL",1,4,14,0.286,0,8,0,1,1,1,0,2,2,3,1,0,2,2,9,29.7333333333333
