"Age","FAN_PTS","Home","Opp","GS","FG","FGA","FGP","TP","TPA","TPP","FT","FTA","FTP","ORB","DRB","TRB","AST","STL","BLK","TOV","PF","PTS","MP"
23,2,1,"SAC",0,1,2,0.5,0,1,0,0,0,0,0,0,0,0,0,0,0,0,2,2.41666666666667
23,9.2,0,"PHO",0,2,4,0.5,1,1,1,0,0,0,0,1,1,0,1,0,0,0,5,6.03333333333333
23,5.4,0,"MIN",0,1,2,0.5,0,1,0,1,1,1,0,2,2,0,0,0,0,0,3,3.78333333333333
23,5.7,0,"CHI",0,1,2,0.5,1,2,0.5,0,0,0,0,1,1,1,0,0,0,1,3,3.96666666666667
23,0,1,"POR",0,0,0,0,0,0,0,0,0,0,0,0,0,0,0,0,0,0,0,0.683333333333333
23,4.1,0,"LAL",0,0,3,0,0,2,0,0,0,0,0,3,3,1,0,0,1,1,0,8.81666666666667
23,9.4,0,"MEM",0,2,2,1,1,1,1,0,0,0,1,1,2,0,0,1,1,0,5,5.83333333333333
23,4.8,0,"MIN",0,1,4,0.25,0,1,0,0,0,0,1,3,4,0,0,0,2,0,2,11.7166666666667
