"Age","FAN_PTS","Home","Opp","GS","FG","FGA","FGP","TP","TPA","TPP","FT","FTA","FTP","ORB","DRB","TRB","AST","STL","BLK","TOV","PF","PTS","MP"
24,-2,1,"DET",0,0,0,0,0,0,0,0,0,0,0,0,0,0,0,0,2,1,0,3.25
24,8.6,1,"SAC",0,1,1,1,0,0,0,3,3,1,0,3,3,0,0,0,0,0,5,5.5
24,4.7,1,"DEN",0,0,1,0,0,1,0,2,2,1,0,1,1,1,0,0,0,0,2,3.65
24,3,0,"NYK",0,0,0,0,0,0,0,0,0,0,0,0,0,2,0,0,0,0,0,2.73333333333333
24,36.8,1,"MIL",0,5,10,0.5,3,6,0.5,4,5,0.8,2,7,9,2,2,0,0,5,17,26.85
24,34.3,0,"ATL",0,5,6,0.833,2,3,0.667,2,2,1,2,2,4,3,1,3,1,4,14,29.5666666666667
24,21.8,1,"MIA",0,4,7,0.571,1,2,0.5,4,4,1,2,2,4,2,0,1,2,5,13,23.3833333333333
