"Age","FAN_PTS","Home","Opp","GS","FG","FGA","FGP","TP","TPA","TPP","FT","FTA","FTP","ORB","DRB","TRB","AST","STL","BLK","TOV","PF","PTS","MP"
24,4.4,0,"LAC",0,0,0,0,0,0,0,0,0,0,1,1,2,0,1,0,1,1,0,6.91666666666667
24,11.3,0,"IND",0,2,4,0.5,0,2,0,1,2,0.5,2,2,4,1,0,0,0,0,5,8.81666666666667
24,1.2,0,"NYK",0,0,1,0,0,1,0,0,0,0,1,0,1,0,0,0,0,1,0,3.1
24,13.1,1,"SAC",0,1,2,0.5,0,0,0,4,4,1,1,2,3,3,0,0,1,1,6,12.15
24,10.9,1,"MEM",0,2,5,0.4,1,2,0.5,0,0,0,0,2,2,1,0,1,1,3,5,11.3
24,6,0,"DEN",0,0,0,0,0,0,0,0,0,0,0,0,0,2,1,0,0,1,0,6.53333333333333
24,5.7,0,"NOP",0,1,3,0.333,1,2,0.5,0,0,0,1,0,1,1,0,0,0,1,3,6.06666666666667
24,1.2,0,"HOU",0,0,0,0,0,0,0,0,0,0,0,1,1,0,0,0,0,1,0,3.78333333333333
24,3,1,"LAL",0,1,1,1,1,1,1,0,0,0,0,0,0,0,0,0,0,0,3,1.8
