"Age","FAN_PTS","Home","Opp","GS","FG","FGA","FGP","TP","TPA","TPP","FT","FTA","FTP","ORB","DRB","TRB","AST","STL","BLK","TOV","PF","PTS","MP"
20,7.8,1,"WAS",0,0,5,0,0,1,0,0,0,0,1,3,4,0,1,0,0,1,0,5.68333333333333
20,17.9,0,"BOS",0,4,6,0.667,0,1,0,0,0,0,0,2,2,3,0,1,0,1,8,12
20,6.2,1,"SAS",0,0,1,0,0,0,0,2,2,1,0,1,1,2,0,0,0,0,2,8.81666666666667
20,14.7,1,"ORL",0,3,6,0.5,0,3,0,1,1,1,0,1,1,1,1,1,1,2,7,14
20,0,0,"MIA",0,0,0,0,0,0,0,0,0,0,0,0,0,0,0,0,0,0,0,0.133333333333333
20,8,0,"MIL",0,1,3,0.333,1,2,0.5,0,0,0,0,0,0,2,0,1,1,4,3,6.08333333333333
20,7.4,0,"WAS",0,2,4,0.5,1,2,0.5,0,0,0,0,2,2,0,0,0,0,1,5,13.35
