"Age","FAN_PTS","Home","Opp","GS","FG","FGA","FGP","TP","TPA","TPP","FT","FTA","FTP","ORB","DRB","TRB","AST","STL","BLK","TOV","PF","PTS","MP"
24,1.2,0,"OKC",0,0,0,0,0,0,0,0,0,0,0,1,1,0,0,0,0,0,0,1.81666666666667
24,0,1,"PHO",0,0,0,0,0,0,0,0,0,0,0,0,0,0,0,0,0,0,0,2.58333333333333
24,3.4,1,"GSW",0,0,2,0,0,1,0,2,2,1,1,1,2,0,0,0,1,1,2,5.36666666666667
24,11.7,0,"MIL",0,3,4,0.75,0,1,0,0,0,0,0,1,1,3,0,0,0,2,6,12.7166666666667
24,4,1,"PHI",0,2,3,0.667,1,2,0.5,0,0,0,0,0,0,0,0,0,1,1,5,7.18333333333333
