"Age","FAN_PTS","Home","Opp","GS","FG","FGA","FGP","TP","TPA","TPP","FT","FTA","FTP","ORB","DRB","TRB","AST","STL","BLK","TOV","PF","PTS","MP"
24,0,0,"ORL",0,0,0,0,0,0,0,0,0,0,0,0,0,0,0,0,0,0,0,0.666666666666667
24,2,1,"IND",0,1,3,0.333,0,1,0,0,0,0,0,0,0,0,0,0,0,0,2,2.21666666666667
24,1,1,"SAS",0,1,2,0.5,0,1,0,0,0,0,0,0,0,0,0,0,1,0,2,6.2
24,5.7,0,"UTA",0,1,4,0.25,0,2,0,2,2,1,0,1,1,1,0,0,1,1,4,8.08333333333333
24,1.5,0,"DET",0,0,0,0,0,0,0,0,0,0,0,0,0,1,0,0,0,1,0,1.05
25,45.5,1,"MEM",1,10,20,0.5,4,10,0.4,1,1,1,0,5,5,11,0,1,5,3,25,41.0333333333333
25,17.7,0,"TOR",0,5,8,0.625,2,4,0.5,5,6,0.833,0,1,1,1,0,1,5,2,17,27.35
