"Age","FAN_PTS","Home","Opp","GS","FG","FGA","FGP","TP","TPA","TPP","FT","FTA","FTP","ORB","DRB","TRB","AST","STL","BLK","TOV","PF","PTS","MP"
22,0,1,"ATL",0,0,1,0,0,1,0,0,0,0,0,0,0,0,0,0,0,0,0,3.15
22,7.2,1,"BRK",0,2,3,0.667,2,2,1,0,0,0,0,1,1,0,0,0,0,0,6,4.66666666666667
22,3.2,0,"POR",0,1,1,1,0,0,0,0,0,0,1,0,1,0,0,0,0,0,2,1.53333333333333
22,2,0,"CLE",0,1,2,0.5,0,1,0,0,0,0,0,0,0,0,0,0,0,0,2,4.7
22,0,1,"WAS",0,0,1,0,0,1,0,0,0,0,0,0,0,0,0,0,0,0,0,2.2
22,1.2,0,"CHO",0,0,0,0,0,0,0,0,0,0,1,0,1,0,0,0,0,0,0,1.63333333333333
22,6,0,"CHO",0,0,1,0,0,0,0,0,0,0,0,0,0,2,0,1,0,1,0,3.7
22,1.5,0,"BOS",0,0,1,0,0,1,0,0,0,0,0,0,0,1,0,0,0,0,0,3.53333333333333
22,16.3,1,"MIL",0,4,6,0.667,1,3,0.333,1,1,1,1,3,4,1,0,0,0,2,10,22.3833333333333
