"Age","FAN_PTS","Home","Opp","GS","FG","FGA","FGP","TP","TPA","TPP","FT","FTA","FTP","ORB","DRB","TRB","AST","STL","BLK","TOV","PF","PTS","MP"
29,14.6,0,"SAS",0,1,2,0.5,1,2,0.5,2,2,1,0,3,3,0,2,0,0,0,5,10.5166666666667
29,12,0,"DAL",0,2,3,0.667,2,3,0.667,0,0,0,0,0,0,0,2,0,0,1,6,20.55
29,19.1,1,"CHI",0,1,3,0.333,0,1,0,0,0,0,1,2,3,3,3,0,0,2,2,18.7833333333333
29,6.5,0,"CHI",0,2,4,0.5,0,1,0,1,1,1,0,0,0,1,0,0,0,0,5,17.2166666666667
29,22.2,1,"HOU",0,5,8,0.625,2,5,0.4,2,2,1,3,3,6,0,1,0,2,1,14,23.4666666666667
29,11.7,0,"OKC",0,2,5,0.4,1,3,0.333,1,1,1,0,1,1,1,1,0,0,2,6,17.2166666666667
29,21.5,0,"IND",1,2,3,0.667,0,1,0,2,2,1,2,3,5,3,2,0,1,1,6,26.5333333333333
29,0.2,0,"DET",1,0,2,0,0,1,0,0,0,0,0,1,1,0,0,0,1,0,0,12.05
29,0,0,"ATL",0,0,0,0,0,0,0,0,0,0,0,0,0,0,0,0,0,0,0,0
