"Age","FAN_PTS","Home","Opp","GS","FG","FGA","FGP","TP","TPA","TPP","FT","FTA","FTP","ORB","DRB","TRB","AST","STL","BLK","TOV","PF","PTS","MP"
26,0,1,"LAL",0,0,0,0,0,0,0,0,0,0,0,0,0,0,0,0,0,0,0,0.716666666666667
26,3.2,0,"OKC",0,1,2,0.5,0,1,0,0,0,0,0,1,1,0,0,0,0,0,2,3.31666666666667
26,4.5,0,"MIN",0,0,2,0,0,0,0,0,0,0,0,0,0,3,0,0,0,2,0,5.21666666666667
26,0,1,"NOP",0,0,0,0,0,0,0,0,0,0,0,0,0,0,0,0,0,0,0,0.966666666666667
26,2.7,1,"SAS",0,0,1,0,0,1,0,0,0,0,0,1,1,1,0,0,0,0,0,1.51666666666667
26,3.7,1,"HOU",0,0,0,0,0,0,0,1,2,0.5,0,1,1,1,0,0,0,1,1,3.13333333333333
