"Age","FAN_PTS","Home","Opp","GS","FG","FGA","FGP","TP","TPA","TPP","FT","FTA","FTP","ORB","DRB","TRB","AST","STL","BLK","TOV","PF","PTS","MP"
21,5.1,0,"IND",0,0,3,0,0,0,0,1,2,0.5,0,3,3,1,0,0,1,0,1,6
21,23.7,1,"BOS",0,0,2,0,0,0,0,7,8,0.875,1,0,1,3,4,0,1,1,7,12
21,10.5,0,"ATL",0,2,2,1,0,0,0,2,2,1,0,0,0,1,0,1,0,2,6,7.15
21,14.2,0,"MIA",0,2,4,0.5,1,1,1,2,3,0.667,0,1,1,2,0,1,0,1,7,7.33333333333333
21,17.5,0,"PHI",0,3,5,0.6,0,1,0,0,0,0,1,4,5,3,2,0,5,2,6,10.4833333333333
21,9,0,"CHO",0,1,1,1,0,0,0,1,1,1,0,0,0,0,2,0,0,0,3,2.91666666666667
21,2,1,"DAL",0,1,1,1,0,0,0,0,0,0,0,0,0,0,0,0,0,0,2,1.78333333333333
21,0,1,"MIL",0,0,0,0,0,0,0,0,0,0,0,0,0,0,0,0,0,0,0,1.25
