"Age","FAN_PTS","Home","Opp","GS","FG","FGA","FGP","TP","TPA","TPP","FT","FTA","FTP","ORB","DRB","TRB","AST","STL","BLK","TOV","PF","PTS","MP"
23,2.2,1,"MEM",0,0,1,0,0,1,0,1,2,0.5,0,1,1,0,0,0,0,0,1,4.3
23,18,1,"OKC",0,4,10,0.4,3,7,0.429,1,2,0.5,0,0,0,2,0,1,0,1,12,18.8666666666667
23,5.2,1,"UTA",0,2,2,1,0,0,0,0,0,0,1,0,1,0,0,0,0,0,4,6.65
23,3.2,0,"POR",0,1,3,0.333,0,2,0,0,0,0,0,1,1,0,0,0,0,1,2,6.61666666666667
23,5.7,0,"MEM",0,2,7,0.286,0,4,0,0,0,0,1,0,1,1,0,0,1,0,4,13.6333333333333
23,0,1,"LAL",0,0,0,0,0,0,0,0,0,0,0,0,0,0,0,0,0,0,0,0.0333333333333333
23,2,1,"MIN",0,1,1,1,0,0,0,0,0,0,0,0,0,0,0,0,0,0,2,1.76666666666667
