"Age","FAN_PTS","Home","Opp","GS","FG","FGA","FGP","TP","TPA","TPP","FT","FTA","FTP","ORB","DRB","TRB","AST","STL","BLK","TOV","PF","PTS","MP"
27,0,0,"NOP",0,0,0,0,0,0,0,0,0,0,0,0,0,0,0,0,0,1,0,3.61666666666667
27,1.2,0,"OKC",0,0,2,0,0,2,0,0,0,0,0,1,1,0,0,0,0,0,0,4.11666666666667
27,4.2,0,"DET",0,1,1,1,1,1,1,0,0,0,0,1,1,0,0,0,0,0,3,1.61666666666667
27,9.9,0,"WAS",0,2,3,0.667,2,3,0.667,0,0,0,1,1,2,1,0,0,0,1,6,14.3833333333333
27,1.2,0,"CLE",0,0,1,0,0,1,0,0,0,0,0,1,1,0,0,0,0,0,0,3.9
27,7.2,0,"SAS",0,1,4,0.25,1,4,0.25,0,0,0,0,1,1,0,1,0,0,1,3,12.2333333333333
