"Age","FAN_PTS","Home","Opp","GS","FG","FGA","FGP","TP","TPA","TPP","FT","FTA","FTP","ORB","DRB","TRB","AST","STL","BLK","TOV","PF","PTS","MP"
30,0,1,"LAL",0,0,2,0,0,1,0,0,0,0,0,0,0,0,0,0,0,1,0,7.23333333333333
30,12.3,1,"SAC",0,3,4,0.75,1,2,0.5,1,2,0.5,0,4,4,1,0,0,2,2,8,15.3
30,16.9,1,"CLE",0,3,6,0.5,0,1,0,1,2,0.5,1,1,2,1,0,2,0,1,7,15.25
30,13.8,0,"MIA",0,4,7,0.571,0,0,0,1,2,0.5,0,4,4,0,0,0,0,0,9,18.0833333333333
30,12.9,1,"PHO",0,3,5,0.6,0,1,0,0,2,0,0,2,2,1,0,1,0,0,6,14.9
30,27.5,1,"UTA",1,5,13,0.385,0,3,0,1,2,0.5,3,2,5,3,1,1,0,2,11,21.95
30,26.5,1,"BOS",0,3,7,0.429,1,3,0.333,1,2,0.5,3,2,5,3,1,2,1,1,8,16.1
