"Age","FAN_PTS","Home","Opp","GS","FG","FGA","FGP","TP","TPA","TPP","FT","FTA","FTP","ORB","DRB","TRB","AST","STL","BLK","TOV","PF","PTS","MP"
31,2,1,"MIL",0,1,4,0.25,0,1,0,0,0,0,0,0,0,0,0,0,0,1,2,8.43333333333333
31,8.6,1,"HOU",0,1,3,0.333,0,1,0,0,2,0,0,3,3,0,1,0,0,2,2,10.4666666666667
31,32.4,0,"SAS",0,8,10,0.8,1,1,1,2,2,1,3,4,7,2,1,0,1,4,19,21.4833333333333
31,26.2,0,"SAS",0,4,11,0.364,0,0,0,0,0,0,5,6,11,4,0,0,1,2,8,20.3666666666667
31,18.8,1,"NOP",0,1,3,0.333,1,2,0.5,0,0,0,0,4,4,2,0,3,1,2,3,20.7166666666667
31,10.6,1,"DAL",0,2,6,0.333,0,1,0,1,2,0.5,2,1,3,0,0,1,1,2,5,16
31,11.7,1,"DEN",0,2,4,0.5,0,0,0,0,0,0,1,0,1,1,0,2,1,3,4,12.1833333333333
31,8.6,0,"SAC",0,2,5,0.4,0,0,0,1,2,0.5,3,0,3,0,0,0,0,5,5,17.2666666666667
31,15.4,0,"GSW",0,4,9,0.444,1,1,1,1,2,0.5,1,1,2,2,0,0,0,2,10,14.75
