"Age","FAN_PTS","Home","Opp","GS","FG","FGA","FGP","TP","TPA","TPP","FT","FTA","FTP","ORB","DRB","TRB","AST","STL","BLK","TOV","PF","PTS","MP"
33,18.6,1,"POR",0,2,4,0.5,0,0,0,2,4,0.5,3,5,8,2,0,0,0,0,6,17.5166666666667
33,6.8,0,"UTA",0,1,1,1,0,0,0,1,2,0.5,1,3,4,0,0,0,1,2,3,11.9166666666667
33,12.7,1,"SAS",0,2,3,0.667,0,0,0,0,0,0,2,4,6,1,0,0,0,0,4,20.6833333333333
33,22.4,1,"ORL",0,5,7,0.714,0,0,0,0,2,0,2,5,7,2,0,1,2,4,10,22.3333333333333
33,20.2,0,"LAL",0,1,3,0.333,0,0,0,3,6,0.5,0,6,6,0,3,0,1,0,5,18.75
33,7.9,0,"NYK",0,1,1,1,0,0,0,0,0,0,0,2,2,1,1,0,1,0,2,10.85
