"Age","FAN_PTS","Home","Opp","GS","FG","FGA","FGP","TP","TPA","TPP","FT","FTA","FTP","ORB","DRB","TRB","AST","STL","BLK","TOV","PF","PTS","MP"
30,6.1,1,"TOR",0,1,2,0.5,0,0,0,0,0,0,2,1,3,1,0,0,1,2,2,7.1
30,3.2,0,"NOP",0,1,1,1,0,0,0,0,0,0,0,1,1,0,0,0,0,1,2,3.78333333333333
30,13.4,0,"NOP",0,3,6,0.5,0,0,0,0,0,0,3,4,7,0,0,0,1,2,6,12
30,-1,0,"WAS",0,0,1,0,0,0,0,0,0,0,0,0,0,0,0,0,1,0,0,1.78333333333333
30,9.4,1,"SAC",0,3,3,1,0,0,0,1,2,0.5,2,0,2,0,0,0,0,1,7,5.46666666666667
30,20.5,0,"LAL",0,1,2,0.5,0,0,0,2,4,0.5,3,7,10,1,0,1,0,3,4,23.3333333333333
30,13.5,0,"LAC",1,0,4,0,0,0,0,0,2,0,2,3,5,1,0,2,0,3,0,21.25
30,3.6,1,"HOU",0,1,1,1,0,0,0,0,0,0,0,3,3,0,0,0,2,4,2,12.7833333333333
