"Age","FAN_PTS","Home","Opp","GS","FG","FGA","FGP","TP","TPA","TPP","FT","FTA","FTP","ORB","DRB","TRB","AST","STL","BLK","TOV","PF","PTS","MP"
26,4.4,0,"WAS",0,2,2,1,1,1,1,0,0,0,2,0,2,0,0,0,3,1,5,5.51666666666667
26,9.4,1,"IND",0,2,4,0.5,0,0,0,0,0,0,2,0,2,2,0,0,0,2,4,6.93333333333333
26,4.2,0,"MIN",0,0,1,0,0,0,0,0,0,0,0,1,1,0,1,0,0,0,0,4.38333333333333
26,1.2,0,"MEM",0,0,0,0,0,0,0,0,0,0,0,1,1,0,0,0,0,1,0,2.68333333333333
26,0,0,"ORL",0,0,0,0,0,0,0,0,0,0,0,0,0,0,0,0,0,0,0,0.533333333333333
26,3,1,"CHI",0,0,0,0,0,0,0,0,0,0,0,0,0,0,0,1,0,0,0,0.116666666666667
