"Age","FAN_PTS","Home","Opp","GS","FG","FGA","FGP","TP","TPA","TPP","FT","FTA","FTP","ORB","DRB","TRB","AST","STL","BLK","TOV","PF","PTS","MP"
35,14.9,1,"NOP",0,3,11,0.273,2,4,0.5,0,0,0,1,1,2,3,0,0,0,0,8,15.8833333333333
35,25.3,1,"DEN",0,6,14,0.429,2,3,0.667,2,2,1,2,2,4,3,1,0,3,2,16,21.9
35,18.7,0,"WAS",0,3,8,0.375,1,2,0.5,0,0,0,1,0,1,5,1,1,3,0,7,18.4666666666667
35,2.2,1,"DAL",0,0,4,0,0,1,0,1,2,0.5,0,1,1,0,0,0,0,1,1,14.2666666666667
35,11.7,0,"SAS",0,3,4,0.75,1,1,1,2,3,0.667,0,1,1,1,0,0,0,1,9,14.25
35,9.2,0,"HOU",0,1,3,0.333,1,2,0.5,4,4,1,0,1,1,2,0,0,2,0,7,16.2666666666667
35,22.9,1,"PHO",0,8,9,0.889,1,1,1,0,0,0,0,2,2,1,1,0,1,0,17,21.5666666666667
35,22.4,1,"MIN",0,5,12,0.417,0,2,0,2,2,1,2,0,2,4,1,0,1,2,12,19.6666666666667
35,31.3,1,"UTA",1,7,11,0.636,0,3,0,0,0,0,0,4,4,9,0,0,1,2,14,26.9666666666667
