"Age","FAN_PTS","Home","Opp","GS","FG","FGA","FGP","TP","TPA","TPP","FT","FTA","FTP","ORB","DRB","TRB","AST","STL","BLK","TOV","PF","PTS","MP"
30,24.8,0,"CHI",1,3,12,0.25,3,6,0.5,4,4,1,0,4,4,4,0,1,2,0,13,23.55
30,35.8,1,"LAL",1,9,17,0.529,2,4,0.5,4,6,0.667,2,2,4,2,2,0,2,4,24,31.5
30,27.1,1,"OKC",1,6,17,0.353,0,5,0,3,6,0.5,1,7,8,5,0,0,5,5,15,30.4833333333333
30,27.1,1,"GSW",1,5,12,0.417,1,3,0.333,5,7,0.714,0,3,3,3,1,1,3,3,16,27.45
30,22.2,1,"BRK",1,6,9,0.667,2,2,1,0,0,0,0,1,1,4,1,0,2,1,14,33.5166666666667
30,7.5,1,"NYK",1,2,2,1,1,1,1,1,1,1,0,0,0,1,0,0,0,0,6,4.53333333333333
