"Age","FAN_PTS","Home","Opp","GS","FG","FGA","FGP","TP","TPA","TPP","FT","FTA","FTP","ORB","DRB","TRB","AST","STL","BLK","TOV","PF","PTS","MP"
32,2.7,1,"PHO",0,0,0,0,0,0,0,0,0,0,1,0,1,1,0,0,0,0,0,3.7
32,2.7,0,"NOP",0,0,1,0,0,1,0,0,0,0,0,1,1,1,0,0,0,2,0,4.65
32,3,0,"CLE",0,0,0,0,0,0,0,0,0,0,0,0,0,0,1,0,0,0,0,2.55
32,2.5,1,"CLE",0,1,2,0.5,1,2,0.5,0,0,0,0,0,0,1,0,0,2,1,3,2.2
32,10,1,"MIN",0,2,6,0.333,2,3,0.667,0,1,0,0,0,0,4,0,0,2,1,6,13.2333333333333
32,11.4,1,"OKC",0,1,7,0.143,1,6,0.167,0,0,0,1,1,2,2,0,1,0,0,3,20.45
32,14,0,"PHO",0,1,3,0.333,0,2,0,1,2,0.5,0,0,0,4,2,0,1,3,3,16.1666666666667
32,12.1,0,"SAC",0,1,2,0.5,0,0,0,2,2,1,0,3,3,3,0,0,0,0,4,7.95
32,6.4,1,"LAC",0,0,2,0,0,2,0,1,2,0.5,0,2,2,2,0,0,0,1,1,21.8333333333333
