"Age","FAN_PTS","Home","Opp","GS","FG","FGA","FGP","TP","TPA","TPP","FT","FTA","FTP","ORB","DRB","TRB","AST","STL","BLK","TOV","PF","PTS","MP"
24,3.2,0,"BOS",0,0,1,0,0,1,0,0,0,0,0,1,1,0,1,0,1,1,0,3.91666666666667
24,20,0,"MIN",0,4,8,0.5,0,3,0,0,0,0,3,2,5,0,2,0,0,1,8,25.3666666666667
24,0,0,"ATL",0,0,0,0,0,0,0,0,0,0,0,0,0,0,0,0,0,0,0,0.4
24,12.6,0,"BRK",0,3,6,0.5,1,3,0.333,0,1,0,0,3,3,0,1,0,1,1,7,29.3833333333333
24,5,1,"MIL",0,1,2,0.5,1,2,0.5,2,4,0.5,0,0,0,0,0,0,0,0,5,11.4166666666667
24,0,1,"IND",0,0,0,0,0,0,0,0,0,0,0,0,0,0,0,0,0,2,0,5.4
24,28.1,1,"CHO",0,5,12,0.417,2,6,0.333,2,2,1,2,1,3,1,2,1,0,0,14,28.8833333333333
24,6,1,"CHI",0,0,0,0,0,0,0,3,4,0.75,0,0,0,0,0,1,0,1,3,8.16666666666667
