"Age","FAN_PTS","Home","Opp","GS","FG","FGA","FGP","TP","TPA","TPP","FT","FTA","FTP","ORB","DRB","TRB","AST","STL","BLK","TOV","PF","PTS","MP"
30,0,0,"UTA",0,0,0,0,0,0,0,0,0,0,0,0,0,0,0,0,0,0,0,2.41666666666667
30,1.2,0,"HOU",0,0,0,0,0,0,0,0,0,0,0,1,1,0,0,0,0,0,0,2.61666666666667
30,8.1,0,"HOU",0,0,1,0,0,1,0,0,0,0,1,2,3,1,0,1,0,0,0,7.56666666666667
30,27.7,1,"POR",0,4,4,1,0,0,0,2,5,0.4,3,3,6,1,1,2,0,1,10,13.1333333333333
30,14.2,1,"OKC",0,1,1,1,0,0,0,1,2,0.5,3,3,6,0,0,2,2,1,3,9.66666666666667
30,6.5,1,"CLE",0,1,2,0.5,0,0,0,0,0,0,0,0,0,3,0,0,0,0,2,5.61666666666667
