"Age","FAN_PTS","Home","Opp","GS","FG","FGA","FGP","TP","TPA","TPP","FT","FTA","FTP","ORB","DRB","TRB","AST","STL","BLK","TOV","PF","PTS","MP"
24,1.2,0,"ORL",0,0,1,0,0,0,0,0,0,0,1,0,1,0,0,0,0,1,0,7.21666666666667
24,6.8,1,"UTA",0,1,2,0.5,0,0,0,0,0,0,1,3,4,0,0,0,0,2,2,11.0666666666667
24,8,1,"MEM",0,2,3,0.667,0,0,0,1,2,0.5,0,0,0,0,0,1,0,3,5,6.91666666666667
24,4.4,0,"CHI",0,0,1,0,0,1,0,0,0,0,1,1,2,0,1,0,1,0,0,4.88333333333333
24,3.2,0,"DET",0,1,1,1,0,0,0,0,0,0,1,0,1,0,0,0,0,0,2,3.7
24,4.2,1,"BRK",0,1,1,1,0,0,0,1,1,1,0,1,1,0,0,0,0,0,3,3.5
24,4.2,0,"PHI",0,2,2,1,0,0,0,0,0,0,0,1,1,0,0,0,1,1,4,4.75
24,19.2,0,"WAS",0,4,7,0.571,2,3,0.667,0,0,0,2,4,6,2,0,0,1,5,10,17.2
24,27.4,1,"ORL",0,5,9,0.556,1,3,0.333,3,3,1,2,5,7,0,1,1,1,4,14,24
