"Age","FAN_PTS","Home","Opp","GS","FG","FGA","FGP","TP","TPA","TPP","FT","FTA","FTP","ORB","DRB","TRB","AST","STL","BLK","TOV","PF","PTS","MP"
19,0,1,"IND",0,0,1,0,0,1,0,0,0,0,0,0,0,0,0,0,0,0,0,6.5
19,19.7,1,"NYK",0,3,8,0.375,2,5,0.4,1,2,0.5,1,5,6,1,0,1,1,1,9,22.9666666666667
19,0,0,"GSW",0,0,0,0,0,0,0,0,0,0,0,0,0,0,0,0,0,0,0,0.766666666666667
19,1.2,0,"POR",0,0,0,0,0,0,0,0,0,0,0,1,1,0,0,0,0,0,0,1.5
19,0,1,"DET",0,0,0,0,0,0,0,0,0,0,0,0,0,0,0,0,0,0,0,0.633333333333333
19,1.2,1,"DEN",0,0,1,0,0,1,0,0,0,0,0,1,1,0,0,0,0,0,0,4.41666666666667
19,8.7,1,"MIA",0,1,5,0.2,1,5,0.2,0,0,0,0,1,1,1,1,0,0,1,3,15.6333333333333
