"Age","FAN_PTS","Home","Opp","GS","FG","FGA","FGP","TP","TPA","TPP","FT","FTA","FTP","ORB","DRB","TRB","AST","STL","BLK","TOV","PF","PTS","MP"
33,21.8,1,"PHI",0,3,4,0.75,1,1,1,2,2,1,0,4,4,2,2,0,1,3,9,26.7666666666667
33,13.1,1,"ATL",1,1,4,0.25,0,3,0,0,0,0,0,3,3,3,0,1,0,1,2,25.95
33,22,1,"MIA",0,3,7,0.429,2,3,0.667,0,0,0,1,4,5,2,1,1,1,2,8,25.3333333333333
33,17.7,0,"TOR",0,3,5,0.6,2,3,0.667,1,3,0.333,1,0,1,3,0,1,0,2,9,25.0666666666667
33,27.2,1,"NYK",0,5,8,0.625,4,6,0.667,0,0,0,0,6,6,2,1,0,0,1,14,23.7333333333333
33,22,0,"BRK",0,5,10,0.5,4,9,0.444,1,2,0.5,2,3,5,0,1,0,2,1,15,30.3
33,22,1,"DET",1,3,6,0.5,2,4,0.5,2,3,0.667,0,5,5,2,1,0,0,2,10,37.2
33,14.3,0,"IND",0,2,2,1,1,1,1,0,0,0,0,4,4,1,1,0,0,2,5,29.15
33,3.4,0,"ORL",0,0,1,0,0,1,0,1,2,0.5,0,2,2,0,0,0,0,0,1,16.9166666666667
