"Age","FAN_PTS","Home","Opp","GS","FG","FGA","FGP","TP","TPA","TPP","FT","FTA","FTP","ORB","DRB","TRB","AST","STL","BLK","TOV","PF","PTS","MP"
23,0,0,"OKC",0,0,0,0,0,0,0,0,0,0,0,0,0,0,0,0,0,0,0,0
24,26.9,1,"HOU",0,4,7,0.571,1,1,1,1,2,0.5,4,3,7,3,2,0,2,2,10,13.35
24,18.9,0,"CLE",0,2,6,0.333,0,1,0,1,2,0.5,3,4,7,3,1,0,2,4,5,17.9333333333333
24,11.8,0,"ATL",0,2,6,0.333,1,1,1,0,0,0,0,4,4,2,0,0,1,1,5,16.5
24,20.4,0,"CHI",0,4,6,0.667,1,3,0.333,0,0,0,0,2,2,2,1,1,0,2,9,17.8
24,8.7,0,"OKC",0,0,2,0,0,1,0,0,0,0,1,5,6,1,0,1,3,2,0,16.2
24,16.1,0,"WAS",0,2,5,0.4,0,2,0,0,0,0,3,0,3,1,2,1,2,2,4,16.0833333333333
24,11.4,0,"MIA",1,2,4,0.5,0,0,0,1,2,0.5,3,4,7,2,0,0,5,3,5,17.1333333333333
24,10.5,0,"MEM",0,1,3,0.333,0,2,0,4,4,1,1,4,5,1,0,0,3,2,6,15.6166666666667
24,13.5,1,"SAC",0,2,2,1,0,0,0,0,0,0,1,4,5,3,0,0,1,2,4,14.6333333333333
24,28,0,"CHO",0,2,3,0.667,1,1,1,0,0,0,2,8,10,2,0,3,1,4,5,18.1833333333333
24,6.6,1,"LAL",0,1,3,0.333,0,0,0,1,2,0.5,3,0,3,0,0,0,0,2,3,9.41666666666667
24,4,1,"TOR",0,0,0,0,0,0,0,4,4,1,0,0,0,0,0,0,0,1,4,10.2166666666667
24,27.5,1,"UTA",0,4,7,0.571,2,3,0.667,5,5,1,3,2,5,3,0,1,1,2,15,19.2833333333333
24,20,1,"IND",1,3,5,0.6,1,1,1,2,2,1,2,3,5,2,0,1,1,4,9,20.2833333333333
24,24,1,"MIN",0,2,7,0.286,1,4,0.25,0,0,0,1,4,5,2,0,4,2,3,5,19.2666666666667
24,16.3,1,"OKC",0,3,5,0.6,1,1,1,0,0,0,1,3,4,1,0,1,0,3,7,14.6833333333333
24,12.5,1,"NOP",0,1,10,0.1,0,5,0,0,0,0,1,4,5,3,0,1,3,1,2,16.4833333333333
24,14.2,0,"GSW",0,4,8,0.5,2,3,0.667,1,2,0.5,1,0,1,2,0,0,1,0,11,19.4333333333333
24,27.3,0,"POR",0,3,6,0.5,0,2,0,2,2,1,2,7,9,3,0,2,2,3,8,22.7833333333333
24,19.5,0,"NOP",0,3,7,0.429,0,0,0,4,4,1,2,3,5,3,0,0,1,3,10,17.8
24,29.1,0,"HOU",0,6,10,0.6,0,2,0,1,2,0.5,4,4,8,3,1,0,1,2,13,21.1666666666667
24,8.4,1,"MEM",0,2,3,0.667,0,0,0,0,0,0,0,2,2,2,0,0,1,4,4,13.8166666666667
24,43.3,1,"POR",0,3,5,0.6,0,1,0,9,12,0.75,1,8,9,5,2,2,2,3,15,24.9833333333333
24,31.6,1,"POR",1,5,9,0.556,1,3,0.333,7,10,0.7,4,9,13,2,0,0,5,2,18,30.7666666666667
24,27.9,0,"DEN",0,6,11,0.545,0,0,0,1,1,1,3,4,7,3,1,0,1,2,13,25.0833333333333
24,20.1,0,"MIN",0,4,7,0.571,2,3,0.667,3,3,1,0,3,3,1,0,1,1,1,13,15.9166666666667
24,30.2,1,"GSW",1,2,5,0.4,0,1,0,3,4,0.75,0,11,11,2,0,3,2,4,7,22.05
24,27.4,0,"DAL",0,3,3,1,0,0,0,2,2,1,0,2,2,4,3,1,1,3,8,15.1666666666667
