"Age","FAN_PTS","Home","Opp","GS","FG","FGA","FGP","TP","TPA","TPP","FT","FTA","FTP","ORB","DRB","TRB","AST","STL","BLK","TOV","PF","PTS","MP"
24,21.4,1,"MIA",0,5,12,0.417,3,6,0.5,0,0,0,0,2,2,2,2,0,3,3,13,14.5666666666667
24,17.6,0,"NYK",0,2,7,0.286,1,3,0.333,5,6,0.833,0,3,3,0,2,0,2,1,10,15.5166666666667
24,15.8,0,"DET",0,3,6,0.5,2,3,0.667,2,2,1,0,4,4,2,0,0,2,0,10,13.9
24,15.7,1,"OKC",0,3,9,0.333,1,4,0.25,1,2,0.5,3,3,6,1,0,0,1,2,8,14.15
24,17.6,1,"WAS",0,4,10,0.4,2,4,0.5,0,1,0,0,3,3,0,1,1,2,0,10,17.7666666666667
24,6.3,0,"MEM",0,1,5,0.2,0,2,0,0,0,0,1,3,4,1,0,0,2,5,2,15.0166666666667
