"Age","FAN_PTS","Home","Opp","GS","FG","FGA","FGP","TP","TPA","TPP","FT","FTA","FTP","ORB","DRB","TRB","AST","STL","BLK","TOV","PF","PTS","MP"
23,2.4,0,"CHA",0,1,5,0.2,0,0,0,0,0,0,0,2,2,0,0,0,2,1,2,6.9
24,7.9,0,"ATL",0,2,6,0.333,0,1,0,0,0,0,0,2,2,1,0,0,0,3,4,6.81666666666667
24,1.5,0,"MIA",0,0,1,0,0,0,0,0,0,0,0,0,0,1,0,0,0,0,0,6.85
24,9.3,0,"BRK",0,2,5,0.4,0,1,0,0,0,0,0,4,4,1,0,0,1,0,4,16.1
24,1.5,1,"ATL",0,0,2,0,0,2,0,0,0,0,0,0,0,1,0,0,0,0,0,4.9
24,14.1,0,"WAS",0,3,5,0.6,1,2,0.5,0,0,0,0,3,3,3,0,0,1,0,7,19.7
24,19.7,1,"CLE",0,2,7,0.286,1,3,0.333,1,2,0.5,0,1,1,3,1,2,1,1,6,26.4833333333333
24,21.4,0,"DET",0,3,9,0.333,1,5,0.2,4,4,1,0,2,2,2,0,2,1,0,11,27.75
24,21.5,0,"IND",0,3,8,0.375,1,2,0.5,1,2,0.5,0,0,0,3,2,2,3,2,8,26.5
