"Age","FAN_PTS","Home","Opp","GS","FG","FGA","FGP","TP","TPA","TPP","FT","FTA","FTP","ORB","DRB","TRB","AST","STL","BLK","TOV","PF","PTS","MP"
25,3.6,1,"HOU",0,0,1,0,0,1,0,0,0,0,0,3,3,0,0,0,0,0,0,4.8
25,2.2,0,"LAC",0,1,1,1,0,0,0,0,0,0,1,0,1,0,0,0,1,0,2,3.93333333333333
25,2.7,1,"LAL",0,0,1,0,0,1,0,0,0,0,1,0,1,1,0,0,0,0,0,3.08333333333333
25,1.2,1,"ATL",0,0,1,0,0,1,0,0,0,0,1,0,1,0,0,0,0,0,0,1.8
25,0,0,"BRK",0,0,0,0,0,0,0,0,0,0,0,0,0,0,0,0,0,0,0,2.08333333333333
25,4.2,0,"IND",0,1,2,0.5,1,1,1,0,0,0,0,1,1,0,0,0,0,0,3,7.75
25,6,1,"TOR",0,2,3,0.667,2,3,0.667,0,0,0,0,0,0,0,0,0,0,0,6,3.83333333333333
25,3,1,"WAS",0,0,2,0,0,1,0,0,0,0,0,0,0,2,0,0,0,0,0,5.11666666666667
