"Age","FAN_PTS","Home","Opp","GS","FG","FGA","FGP","TP","TPA","TPP","FT","FTA","FTP","ORB","DRB","TRB","AST","STL","BLK","TOV","PF","PTS","MP"
32,3.6,0,"IND",0,0,0,0,0,0,0,0,0,0,0,3,3,0,0,0,0,0,0,8.16666666666667
32,8.6,1,"MEM",0,1,1,1,0,0,0,0,0,0,0,3,3,2,0,0,0,2,2,11.1166666666667
32,17.3,0,"ATL",1,2,7,0.286,1,4,0.25,2,2,1,1,3,4,1,1,1,2,3,7,21.9833333333333
32,6.7,0,"MIA",0,2,5,0.4,1,4,0.25,0,0,0,0,1,1,1,0,0,1,1,5,12.3666666666667
32,0,0,"PHI",0,0,1,0,0,0,0,0,0,0,0,0,0,0,0,0,0,1,0,3.4
32,3.4,0,"TOR",0,1,2,0.5,0,0,0,2,2,1,1,1,2,0,0,0,3,0,4,7.25
32,23.2,1,"ATL",0,2,3,0.667,1,2,0.5,0,0,0,0,6,6,4,0,2,1,0,5,17.6
