"Age","FAN_PTS","Home","Opp","GS","FG","FGA","FGP","TP","TPA","TPP","FT","FTA","FTP","ORB","DRB","TRB","AST","STL","BLK","TOV","PF","PTS","MP"
23,0,1,"MIL",0,0,0,0,0,0,0,0,0,0,0,0,0,0,0,0,0,0,0,0.9
23,1.2,1,"POR",0,0,0,0,0,0,0,0,0,0,0,1,1,0,0,0,0,0,0,0.516666666666667
23,8,1,"SAC",0,2,5,0.4,1,4,0.25,0,0,0,0,0,0,0,1,0,0,1,5,10.0333333333333
23,7.2,0,"MEM",0,2,4,0.5,2,4,0.5,0,0,0,1,0,1,0,0,0,0,1,6,6.73333333333333
23,0,1,"PHO",0,0,0,0,0,0,0,0,0,0,0,0,0,0,0,0,0,0,0,0.45
23,9.4,0,"DEN",0,2,3,0.667,1,1,1,0,0,0,1,1,2,0,1,0,1,0,5,11.0833333333333
23,1.2,0,"NOP",0,0,2,0,0,2,0,0,0,0,0,1,1,0,0,0,0,1,0,4.08333333333333
