"Age","FAN_PTS","Home","Opp","GS","FG","FGA","FGP","TP","TPA","TPP","FT","FTA","FTP","ORB","DRB","TRB","AST","STL","BLK","TOV","PF","PTS","MP"
23,4.9,0,"WAS",0,1,3,0.333,0,1,0,0,0,0,2,0,2,1,0,0,1,1,2,9.68333333333333
23,19.1,1,"IND",0,4,4,1,0,0,0,3,3,1,0,3,3,1,1,0,0,2,11,8.26666666666667
24,1.2,1,"BRK",0,0,1,0,0,0,0,0,0,0,1,0,1,0,0,0,0,0,0,3.53333333333333
24,0,1,"TOR",0,0,1,0,0,1,0,0,0,0,0,0,0,0,0,0,0,0,0,6.05
24,11,0,"PHI",0,1,4,0.25,0,1,0,0,0,0,1,4,5,0,1,0,0,2,2,8.3
24,0,0,"ORL",0,0,1,0,0,0,0,0,0,0,0,0,0,0,0,0,0,0,0,0.533333333333333
24,14.5,1,"ATL",1,3,5,0.6,0,1,0,2,2,1,2,3,5,1,0,0,1,4,8,18.7166666666667
24,8,1,"CHI",0,2,3,0.667,1,2,0.5,0,0,0,0,0,0,0,0,1,0,1,5,14.6
