"Age","FAN_PTS","Home","Opp","GS","FG","FGA","FGP","TP","TPA","TPP","FT","FTA","FTP","ORB","DRB","TRB","AST","STL","BLK","TOV","PF","PTS","MP"
22,29,1,"MIA",1,6,15,0.4,0,3,0,3,3,1,0,5,5,4,1,1,4,4,15,28.8166666666667
22,37.3,0,"WAS",1,7,13,0.538,0,2,0,7,8,0.875,2,2,4,7,1,0,2,3,21,31.0833333333333
22,32.4,0,"WAS",1,11,21,0.524,2,3,0.667,2,2,1,0,2,2,2,1,0,2,1,26,29.05
22,33.8,0,"OKC",1,4,16,0.25,1,2,0.5,2,2,1,3,1,4,10,1,0,0,3,11,31.6666666666667
22,21.4,1,"PHI",1,4,11,0.364,0,1,0,1,1,1,0,2,2,4,1,1,2,3,9,24.2
22,30.6,1,"OKC",1,5,16,0.313,1,4,0.25,1,2,0.5,0,3,3,8,2,0,3,2,12,34.9666666666667
22,19,1,"CLE",1,3,9,0.333,0,1,0,0,0,0,0,5,5,8,0,0,5,2,6,31
22,6,1,"CLE",1,1,3,0.333,0,0,0,1,1,1,0,0,0,0,1,0,0,0,3,4.41666666666667
22,0,1,"POR",0,0,0,0,0,0,0,0,0,0,0,0,0,0,0,0,0,0,0,0
