"Age","FAN_PTS","Home","Opp","GS","FG","FGA","FGP","TP","TPA","TPP","FT","FTA","FTP","ORB","DRB","TRB","AST","STL","BLK","TOV","PF","PTS","MP"
19,1.5,1,"MIN",0,0,1,0,0,1,0,0,0,0,0,0,0,1,0,0,0,0,0,2.46666666666667
19,4.5,1,"DEN",0,0,0,0,0,0,0,0,0,0,0,0,0,1,1,0,0,0,0,2.85
19,22.9,0,"HOU",0,4,6,0.667,0,2,0,2,4,0.5,0,2,2,1,4,0,3,4,10,19.3833333333333
19,13.2,0,"IND",0,4,7,0.571,2,4,0.5,0,0,0,1,0,1,0,0,1,1,0,10,16.4666666666667
19,0,1,"DEN",0,0,1,0,0,1,0,0,0,0,0,0,0,0,0,0,0,2,0,5.96666666666667
19,30.3,1,"SAC",1,6,15,0.4,2,5,0.4,0,0,0,1,3,4,3,3,0,2,4,14,34.0166666666667
