"Age","FAN_PTS","Home","Opp","GS","FG","FGA","FGP","TP","TPA","TPP","FT","FTA","FTP","ORB","DRB","TRB","AST","STL","BLK","TOV","PF","PTS","MP"
27,30.5,1,"CLE",1,2,6,0.333,0,0,0,0,0,0,1,9,10,9,0,1,2,2,4,22.9833333333333
27,44,0,"DAL",1,5,8,0.625,0,0,0,0,0,0,4,6,10,8,2,2,2,3,10,32.4666666666667
27,36,0,"CHO",1,5,6,0.833,0,0,0,1,2,0.5,3,7,10,8,0,1,2,1,11,35.2833333333333
27,23.7,0,"MIA",1,2,5,0.4,0,0,0,0,2,0,2,9,11,5,0,1,4,4,4,33.8
27,26.8,0,"CHI",1,4,8,0.5,0,0,0,0,0,0,3,6,9,6,1,0,4,3,8,32.7333333333333
27,25,1,"MIL",1,1,3,0.333,0,0,0,0,0,0,3,12,15,4,0,0,1,3,2,33.3666666666667
