"Age","FAN_PTS","Home","Opp","GS","FG","FGA","FGP","TP","TPA","TPP","FT","FTA","FTP","ORB","DRB","TRB","AST","STL","BLK","TOV","PF","PTS","MP"
20,0,1,"ATL",0,0,0,0,0,0,0,0,0,0,0,0,0,0,0,0,0,0,0,0.416666666666667
20,3.6,0,"SAC",0,0,1,0,0,0,0,0,0,0,0,3,3,0,0,0,0,0,0,4.46666666666667
20,9.4,0,"CHI",0,2,4,0.5,0,0,0,0,2,0,1,1,2,0,1,0,0,1,4,4.15
20,7.8,1,"OKC",0,1,2,0.5,0,0,0,2,2,1,1,3,4,0,0,0,1,3,4,6.11666666666667
20,-1,1,"PHO",0,0,0,0,0,0,0,0,0,0,0,0,0,0,0,0,1,0,0,0.866666666666667
20,3.2,0,"NYK",0,1,2,0.5,0,0,0,0,0,0,0,1,1,0,0,0,0,0,2,4.75
20,0.2,1,"GSW",0,0,0,0,0,0,0,0,0,0,1,0,1,0,0,0,1,1,0,2.25
20,9.1,0,"NOP",0,0,1,0,0,0,0,1,4,0.25,0,3,3,1,0,1,0,2,1,9.5
20,0,0,"MEM",0,0,0,0,0,0,0,0,0,0,0,0,0,0,0,0,0,0,0,0.316666666666667
