"Age","FAN_PTS","Home","Opp","GS","FG","FGA","FGP","TP","TPA","TPP","FT","FTA","FTP","ORB","DRB","TRB","AST","STL","BLK","TOV","PF","PTS","MP"
25,3.5,1,"DET",0,1,2,0.5,0,1,0,0,0,0,0,0,0,1,0,0,0,1,2,8.66666666666667
25,26.9,0,"BOS",0,3,6,0.5,3,4,0.75,0,0,0,1,1,2,3,3,1,1,2,9,23.1166666666667
25,14.2,0,"MIN",0,2,4,0.5,1,1,1,0,0,0,0,1,1,4,1,0,1,1,5,22.3833333333333
25,14.3,0,"MEM",0,1,3,0.333,0,2,0,0,0,0,2,2,4,1,1,1,0,0,2,14.5833333333333
25,24.4,0,"ATL",0,4,8,0.5,1,3,0.333,0,0,0,1,1,2,2,3,1,2,3,9,28.0166666666667
25,20.3,0,"SAS",0,4,9,0.444,2,5,0.4,2,2,1,2,2,4,3,0,0,1,2,12,26.8333333333333
25,0,0,"CHO",0,0,0,0,0,0,0,0,0,0,0,0,0,0,0,0,0,2,0,3.48333333333333
25,4.2,0,"CHI",0,0,1,0,0,1,0,0,0,0,0,1,1,0,1,0,0,0,0,2.46666666666667
25,0,0,"CLE",0,0,0,0,0,0,0,0,0,0,0,0,0,0,0,0,0,1,0,1.35
